name,theyworkforyou,party,borough,contact,parliamentary_office_email,parliamentary_address,parliamentary_office_phone_number,local_office_address,local_office_phone_number,Twitter,Facebook,Website
George Adam,https://www.theyworkforyou.com/mp/25072/george_adam,Scottish National Party,Paisley,https://www.parliament.scot/msps/current-and-previous-msps/george-adam,George.Adam.msp@parliament.scot,"The Scottish Parliament, EH99 1SP, Edinburgh",1418895032,"Anchor One, Unit 14, 7 Thread Street, Paisley, PA1 1JR",1418895032,,,
Karen Adam,https://www.theyworkforyou.com/mp/25985/karen_adam,Scottish National Party,Banffshire and Buchan Coast,https://www.parliament.scot/msps/current-and-previous-msps/karen-adam,Karen.Adam.msp@parliament.scot,"The Scottish Parliament, EH99 1SP, Edinburgh",1313486811,"20 Chapel Street, Peterhead, AB42 1TL",7826548813,@KarenAdamMSP,https://www.facebook.com/karenadammsp,
Clare Adamson,https://www.theyworkforyou.com/mp/25073/clare_adamson,Scottish National Party,Motherwell and Wishaw,https://www.parliament.scot/msps/current-and-previous-msps/clare-adamson,Clare.Adamson.msp@parliament.scot,"The Scottish Parliament, EH99 1SP, Edinburgh",1313486376,"Suite G2, The Dalziel Building, 7 Scott Street, Motherwell, ML1 1PN",1698337540,@ClareAdamsonSNP,https://www.facebook.com/ClareAdamsonSNP,clareadamsonmsp.scot
Alasdair Allan,https://www.theyworkforyou.com/mp/13947/alasdair_allan,Scottish National Party,Na h-Eileanan an Iar,https://www.parliament.scot/msps/current-and-previous-msps/alasdair-allan,Alasdair.Allan.msp@parliament.scot,"The Scottish Parliament, EH99 1SP, Edinburgh",1851700357,"20 Kenneth Street, Stornoway, HS1 2DR",1851700357,@alasdairallan,https://www.facebook.com/AlasdairAllanMSP,alasdairallan.scot
Tom Arthur,https://www.theyworkforyou.com/mp/25491/tom_arthur,Scottish National Party,Renfrewshire South,https://www.parliament.scot/msps/current-and-previous-msps/tom-arthur,Tom.Arthur.msp@parliament.scot,"The Scottish Parliament, EH99 1SP, Edinburgh",1313485863,"49 High Street, Johnstone, PA5 8AJ",1505331990,,,
Jackie Baillie,https://www.theyworkforyou.com/mp/13949/jackie_baillie,Scottish Labour,Dumbarton,https://www.parliament.scot/msps/current-and-previous-msps/jackie-baillie,Jackie.Baillie.msp@parliament.scot,"The Scottish Parliament, EH99 1SP, Edinburgh",1313485905,,,,,
Claire Baker,https://www.theyworkforyou.com/mp/13951/claire_baker,Scottish Labour,Mid Scotland and Fife,https://www.parliament.scot/msps/current-and-previous-msps/claire-baker,Claire.Baker.msp@parliament.scot,"The Scottish Parliament, EH99 1SP, Edinburgh",1313486769,,,,,
Jeremy Balfour,https://www.theyworkforyou.com/mp/25492/jeremy_balfour,Scottish Conservative and Unionist Party,Lothian,https://www.parliament.scot/msps/current-and-previous-msps/jeremy-balfour,Jeremy.Balfour.msp@parliament.scot,"The Scottish Parliament, EH99 1SP, Edinburgh",1313485961,,,@jeremyrbalfour,https://www.facebook.com/jeremybalfourlothian,
Colin Beattie,https://www.theyworkforyou.com/mp/25074/colin_beattie,Scottish National Party,Midlothian North and Musselburgh,https://www.parliament.scot/msps/current-and-previous-msps/colin-beattie,Colin.Beattie.msp@parliament.scot,"The Scottish Parliament, EH99 1SP, Edinburgh",1313486373,"164 High Street, Dalkeith, EH22 1AY",1314540204,@uartlach,https://www.facebook.com/ColinBeattieMSP,
Neil Bibby,https://www.theyworkforyou.com/mp/25076/neil_bibby,Scottish Labour,West Scotland,https://www.parliament.scot/msps/current-and-previous-msps/neil-bibby,Neil.Bibby.msp@parliament.scot,"The Scottish Parliament, EH99 1SP, Edinburgh",1313486385,"Suite 1002, Mile End Mill, 12 Seedhill Road, Paisley, PA1 1JS",1418890457,@NeilBibby,https://www.facebook.com/NeilBibbyMSP/,NeilBibby.com
Sarah Boyack,https://www.theyworkforyou.com/mp/13956/sarah_boyack,Scottish Labour,Lothian,https://www.parliament.scot/msps/current-and-previous-msps/sarah-boyack,sarah.boyack.msp@parliament.scot,"The Scottish Parliament, EH99 1SP, Edinburgh",1313486994,,,,,
Miles Briggs,https://www.theyworkforyou.com/mp/25494/miles_briggs,Scottish Conservative and Unionist Party,Lothian,https://www.parliament.scot/msps/current-and-previous-msps/miles-briggs,Miles.Briggs.msp@parliament.scot,"The Scottish Parliament, EH99 1SP, Edinburgh",1313485944,,,@Miles4Lothian,,
Keith Brown,https://www.theyworkforyou.com/mp/13961/keith_brown,Scottish National Party,Clackmannanshire and Dunblane,https://www.parliament.scot/msps/current-and-previous-msps/keith-brown,Keith.Brown.msp@parliament.scot,"The Scottish Parliament, EH99 1SP, Edinburgh",1259219333,"Unit 4, Townhead Institute, 39 Drysdale Street, Alloa, FK10 1JA",1259219333,,,
Siobhian Brown,https://www.theyworkforyou.com/mp/25986/siobhian_brown,Scottish National Party,Ayr,https://www.parliament.scot/msps/current-and-previous-msps/siobhian-brown,Siobhian.Brown.msp@parliament.scot,"The Scottish Parliament, EH99 1SP, Edinburgh",1313485089,"9 Beresford Terrace, Ayr, KA7 2ER",1292810034,@siobhianayr,https://www.facebook.com/SiobhianBrown,
Ariane Burgess,https://www.theyworkforyou.com/mp/25987/ariane_burgess,Scottish Green Party,Highlands and Islands,https://www.parliament.scot/msps/current-and-previous-msps/ariane-burgess,Ariane.Burgess.msp@parliament.scot,"The Scottish Parliament, EH99 1SP, Edinburgh",1313486330,,7385930565,@ArianeBurgessHI,https://www.facebook.com/ArianeBurgessHI,
Alexander Burnett,https://www.theyworkforyou.com/mp/25495/alexander_burnett,Scottish Conservative and Unionist Party,Aberdeenshire West,https://www.parliament.scot/msps/current-and-previous-msps/alexander-burnett,Alexander.Burnett.msp@parliament.scot,"The Scottish Parliament, EH99 1SP, Edinburgh",1313485642,"8 Castle Street, Huntly, Aberdeenshire, AB54 8BP",,@AJABurnett,https://facebook.com/AlexanderJABurnett,alexanderburnett.com
Stephanie Callaghan,https://www.theyworkforyou.com/mp/25988/stephanie_callaghan,Scottish National Party,Uddingston and Bellshill,https://www.parliament.scot/msps/current-and-previous-msps/stephanie-callaghan,Stephanie.Callaghan.msp@parliament.scot,"The Scottish Parliament, EH99 1SP, Edinburgh",1313485493,"40b Grovewood Business Centre, Strathclyde Business Park, Bellshill, ML4 3NQ",1698849888,,,
Donald Cameron,https://www.theyworkforyou.com/mp/25496/donald_cameron,Scottish Conservative and Unionist Party,Highlands and Islands,https://www.parliament.scot/msps/current-and-previous-msps/donald-cameron,Donald.Cameron.msp@parliament.scot,"The Scottish Parliament, EH99 1SP, Edinburgh",1313486989,,,@DAJCameron,https://www.facebook.com/DonaldCameronMSP,donaldcameron.org.uk
Jackson Carlaw,https://www.theyworkforyou.com/mp/13967/jackson_carlaw,Scottish Conservative and Unionist Party,Eastwood,https://www.parliament.scot/msps/current-and-previous-msps/jackson-carlaw,Jackson.Carlaw.msp@parliament.scot,"The Scottish Parliament, EH99 1SP, Edinburgh",1313486800,"Spiersbridge House, 1 Spiersbridge Way, Thornliebank, G46 8NG",1414656611,@Jackson_Carlaw,https://www.facebook.com/jackson4eastwood,jacksoncarlaw.org.uk
Finlay Carson,https://www.theyworkforyou.com/mp/25497/finlay_carson,Scottish Conservative and Unionist Party,Galloway and West Dumfries,https://www.parliament.scot/msps/current-and-previous-msps/finlay-carson,Finlay.Carson.msp@parliament.scot,"The Scottish Parliament, EH99 1SP, Edinburgh",1313485890,"107 King Street, Castle Douglas, DG7 1LZ",1556504991,@fincarson,https://www.facebook.com/FinlayCarsonMSP,finlaycarson.co.uk
Maggie Chapman,https://www.theyworkforyou.com/mp/25989/maggie_chapman,Scottish Green Party,North East Scotland,https://www.parliament.scot/msps/current-and-previous-msps/maggie-chapman,Maggie.Chapman.msp@parliament.scot,"The Scottish Parliament, EH99 1SP, Edinburgh",1313486332,"10 Panmure Street, Dundee, DD1 2BW",1382279991,@MaggieChapman,https://www.facebook.com/MaggieChapmanGreen,maggiechapman.scot
Foysol Choudhury,https://www.theyworkforyou.com/mp/25990/foysol_choudhury,Scottish Labour,Lothian,https://www.parliament.scot/msps/current-and-previous-msps/foysol-choudhury,Foysol.Choudhury.msp@parliament.scot,"The Scottish Parliament, EH99 1SP, Edinburgh",1313486761,,1313486761,@FoysolChoudhury,https://www.facebook.com/FoysolChoudhuryMSP/,
Katy Clark,https://www.theyworkforyou.com/mp/11963/baroness_katy_clark,Scottish Labour,West Scotland,https://www.parliament.scot/msps/current-and-previous-msps/katy-clark,Katy.Clark.msp@parliament.scot,"The Scottish Parliament, EH99 1SP, Edinburgh",1294605655,,,@KatySClark,,katyclark.org
Willie Coffey,https://www.theyworkforyou.com/mp/13968/willie_coffey,Scottish National Party,Kilmarnock and Irvine Valley,https://www.parliament.scot/msps/current-and-previous-msps/willie-coffey,Willie.Coffey.msp@parliament.scot,"The Scottish Parliament, EH99 1SP, Edinburgh",1313486514,"62 John Finnie Street, Kilmarnock, KA1 1BS",1563537300,,,
Alex Cole-Hamilton,https://www.theyworkforyou.com/mp/25500/alex_cole-hamilton,Scottish Liberal Democrats,Edinburgh Western,https://www.parliament.scot/msps/current-and-previous-msps/alex-colehamilton,Alex.Cole-Hamilton.msp@parliament.scot,"The Scottish Parliament, EH99 1SP, Edinburgh",1313485821,"151 St John's Road, Corstorphine, Edinburgh, EH12 7SD",1313341814,@agcolehamilton,https://www.facebook.com/alexcolehamiltonLD/,edinburghlibdems.org
Angela Constance,https://www.theyworkforyou.com/mp/13969/angela_constance,Scottish National Party,Almond Valley,https://www.parliament.scot/msps/current-and-previous-msps/angela-constance,Angela.Constance.msp@parliament.scot,"The Scottish Parliament, EH99 1SP, Edinburgh",1313485000,"Unit 4, Ochil House, Beveridge Square, Livingston, West Lothian, EH54 6QF",1506460403,@AConstance23,https://www.facebook.com/angelaconstance21,
Graeme Dey,https://www.theyworkforyou.com/mp/25081/graeme_dey,Scottish National Party,Angus South,https://www.parliament.scot/msps/current-and-previous-msps/graeme-dey,Graeme.Dey.msp@parliament.scot,"The Scottish Parliament, EH99 1SP, Edinburgh",1313485864,"282-284 High Street, Arbroath, DD11 1JF",1241873058,,https://www.facebook.com/GraemeDeyMSP,graemedey.info
Natalie Don,https://www.theyworkforyou.com/mp/25991/natalie_don,Scottish National Party,Renfrewshire North and West,https://www.parliament.scot/msps/current-and-previous-msps/natalie-don,Natalie.Don.msp@parliament.scot,"The Scottish Parliament, EH99 1SP, Edinburgh",,"1A Paisley Road, Renfrew, PA4 8JH",1415875049,,,
Bob Doris,https://www.theyworkforyou.com/mp/13977/bob_doris,Scottish National Party,Glasgow Maryhill and Springburn,https://www.parliament.scot/msps/current-and-previous-msps/bob-doris,Bob.Doris.msp@parliament.scot,"The Scottish Parliament, EH99 1SP, Edinburgh",1419467700,"Maryhill Burgh Halls, 10-24 Gairbraid Avenue, Glasgow, G20 8YE",1419467700,@BobDorisSNP,https://facebook.com/BobDorisSNP,bob-doris.scot
James Dornan,https://www.theyworkforyou.com/mp/25082/james_dornan,Scottish National Party,Glasgow Cathcart,https://www.parliament.scot/msps/current-and-previous-msps/james-dornan,James.Dornan.msp@parliament.scot,"The Scottish Parliament, EH99 1SP, Edinburgh",1313485681,"Clincarthill Parish Church, 1220 Cathcart Road, Mount Florida,, Glasgow, G42 9EU",1416325238,@glasgowcathcart,https://www.facebook.com/jamesdornanmsp,
Sharon Dowey,https://www.theyworkforyou.com/mp/25992/sharon_dowey,Scottish Conservative and Unionist Party,South Scotland,https://www.parliament.scot/msps/current-and-previous-msps/sharon-dowey,Sharon.Dowey.msp@parliament.scot,"The Scottish Parliament, EH99 1SP, Edinburgh",1313486980,"18 Wellington Square, Ayr, KA7 1EZ",1292839130,@SharonDowey_,https://www.facebook.com/SharonDoweyMSP,
Jackie Dunbar,https://www.theyworkforyou.com/mp/25993/jackie_dunbar,Scottish National Party,Aberdeen Donside,https://www.parliament.scot/msps/current-and-previous-msps/jackie-dunbar,Jackie.Dunbar.msp@parliament.scot,"The Scottish Parliament, EH99 1SP, Edinburgh",1313485067,"12a Mastrick Shopping Centre, Greenfern Place, Mastrick, Aberdeen, AB16 6JR",1224011936,,,
Pam Duncan-Glancy,https://www.theyworkforyou.com/mp/25994/pam_duncan-glancy,Scottish Labour,Glasgow,https://www.parliament.scot/msps/current-and-previous-msps/pam-duncanglancy,Pam.Duncan-Glancy.msp@parliament.scot,"The Scottish Parliament, EH99 1SP, Edinburgh",1313486389,"Brunswick House, 51 Wilson Street, Glasgow, G1 1UZ",1412606091,@GlasgowPam,https://www.facebook.com/glasgowpam,glasgowpam.scot
Annabelle Ewing,https://www.theyworkforyou.com/mp/25085/annabelle_ewing,Scottish National Party,Cowdenbeath,https://www.parliament.scot/msps/current-and-previous-msps/annabelle-ewing,Annabelle.Ewing.msp@parliament.scot,"The Scottish Parliament, EH99 1SP, Edinburgh",1313486290,"Cowdenbeath Constituency Office, 253-257 High Street, Cowdenbeath, KY4 9QF",1383611067,,,
Fergus Ewing,https://www.theyworkforyou.com/mp/13980/fergus_ewing,Scottish National Party,Inverness and Nairn,https://www.parliament.scot/msps/current-and-previous-msps/fergus-ewing,Fergus.Ewing.msp@parliament.scot,"The Scottish Parliament, EH99 1SP, Edinburgh",1463713004,"112 Church Street, Inverness, Highland, IV1 1EP",1463713004,@FergusEwingSNP,https://www.facebook.com/FergusEwingSNP/,
Jim Fairlie,https://www.theyworkforyou.com/mp/25995/jim_fairlie,Scottish National Party,Perthshire South and Kinross-shire,https://www.parliament.scot/msps/current-and-previous-msps/jim-fairlie,Jim.Fairlie.msp@parliament.scot,"The Scottish Parliament, EH99 1SP, Edinburgh",1738620540,"63 Glasgow Rd, Perth, PH2 0PE",1738620540,@JimFairlieLogie,https://www.facebook.com/JimFairlieSNP/,
Russell Findlay,https://www.theyworkforyou.com/mp/25996/russell_findlay,Scottish Conservative and Unionist Party,West Scotland,https://www.parliament.scot/msps/current-and-previous-msps/russell-findlay,Russell.Findlay.msp@parliament.scot,"The Scottish Parliament, EH99 1SP, Edinburgh",1313486975,,,,,
Joe FitzPatrick,https://www.theyworkforyou.com/mp/13987/joe_fitzpatrick,Scottish National Party,Dundee City West,https://www.parliament.scot/msps/current-and-previous-msps/joe-fitzpatrick,Joe.Fitzpatrick.msp@parliament.scot,"The Scottish Parliament, EH99 1SP, Edinburgh",1382843244,"37 Dock Street, Dundee, DD1 3DR",1382843244,@joefitzsnp,https://www.facebook.com/JoeFitzPatrickSNP/,joe.fitzpatrick.scot
Kate Forbes,https://www.theyworkforyou.com/mp/25504/kate_forbes,Scottish National Party,"Skye, Lochaber and Badenoch",https://www.parliament.scot/msps/current-and-previous-msps/kate-forbes,Kate.Forbes.msp@parliament.scot,"The Scottish Parliament, EH99 1SP, Edinburgh",,"12 High Street, Dingwall, IV15 9RU",1349863888,@_kateforbes,https://www.facebook.com/KateForbesMSP,kate-forbes.scot
Murdo Fraser,https://www.theyworkforyou.com/mp/13991/murdo_fraser,Scottish Conservative and Unionist Party,Mid Scotland and Fife,https://www.parliament.scot/msps/current-and-previous-msps/murdo-fraser,Murdo.Fraser.msp@parliament.scot,"The Scottish Parliament, EH99 1SP, Edinburgh",1313485293,"The Control Tower, Perth Airport, Scone, PH2 6PL",1738553990,@murdo_fraser,https://facebook.com/MurdoMFraser,murdofraser.uk
Meghan Gallacher,https://www.theyworkforyou.com/mp/25997/meghan_gallacher,Scottish Conservative and Unionist Party,Central Scotland,https://www.parliament.scot/msps/current-and-previous-msps/meghan-gallacher,Meghan.Gallacher.msp@parliament.scot,"The Scottish Parliament, EH99 1SP, Edinburgh",1313485633,"Room 36, Airdrie Business Centre, 1 Chapel Lane, Airdrie, ML6 6GX",,@MGallacherMSP,https://www.facebook.com/MeghanGallacherScottishConservativeandUnionist/,
Kenneth Gibson,https://www.theyworkforyou.com/mp/13994/kenneth_gibson,Scottish National Party,Cunninghame North,https://www.parliament.scot/msps/current-and-previous-msps/kenneth-gibson,Kenneth.Gibson.msp@parliament.scot,"The Scottish Parliament, EH99 1SP, Edinburgh",1313486536,"15 Main Street, Dalry, KA24 5DL",1294833687,,https://www.facebook.com/KennethGibsonSNP/,kennethgibson.org
Jenny Gilruth,https://www.theyworkforyou.com/mp/25506/jenny_gilruth,Scottish National Party,Mid Fife and Glenrothes,https://www.parliament.scot/msps/current-and-previous-msps/jenny-gilruth,Jenny.Gilruth.msp@parliament.scot,"The Scottish Parliament, EH99 1SP, Edinburgh",,"12 Commercial Street, Markinch, KY7 6DE",1592764815,@jennygilruth,https://www.facebook.com/JennyGilruthMSP/,
Maurice Golden,https://www.theyworkforyou.com/mp/25507/maurice_golden,Scottish Conservative and Unionist Party,North East Scotland,https://www.parliament.scot/msps/current-and-previous-msps/maurice-golden,Maurice.Golden.msp@parliament.scot,"The Scottish Parliament, EH99 1SP, Edinburgh",,"80 Rosemount Place, Aberdeen, AB25 2XN",,@mgoldenmsp,https://www.facebook.com/maurice2win/,mauricegolden.com
Pam Gosal,https://www.theyworkforyou.com/mp/25998/pam_gosal,Scottish Conservative and Unionist Party,West Scotland,https://www.parliament.scot/msps/current-and-previous-msps/pam-gosal,Pam.Gosal.msp@parliament.scot,"The Scottish Parliament, EH99 1SP, Edinburgh",1313485950,"Suite F, Exchange House Business Centre, 50 Drymen Road, Bearsden, G62 2RH",,@PamGosalMSP,https://www.facebook.com/PamGosal4WestScotland,pamgosal.org.uk
Mairi Gougeon,https://www.theyworkforyou.com/mp/25503/mairi_gougeon,Scottish National Party,Angus North and Mearns,https://www.parliament.scot/msps/current-and-previous-msps/mairi-gougeon,Mairi.Gougeon.msp@parliament.scot,"The Scottish Parliament, EH99 1SP, Edinburgh",1356626942,,1356626942,,,
Christine Grahame,https://www.theyworkforyou.com/mp/14000/christine_grahame,Scottish National Party,"Midlothian South, Tweeddale and Lauderdale",https://www.parliament.scot/msps/current-and-previous-msps/christine-grahame,Christine.Grahame.msp@parliament.scot,"The Scottish Parliament, EH99 1SP, Edinburgh",1313485729,"6 High Street, Galashiels, TD1 1SD",7976596245,,https://www.facebook.com/ChristineGrahameMSP,christinegrahame.com
Rhoda Grant,https://www.theyworkforyou.com/mp/14001/rhoda_grant,Scottish Labour,Highlands and Islands,https://www.parliament.scot/msps/current-and-previous-msps/rhoda-grant,Rhoda.Grant.msp@parliament.scot,"The Scottish Parliament, EH99 1SP, Edinburgh",1313485766,"3 Gordon Terrace, Inverness, IV2 3HD",,@rhodagrant,https://www.facebook.com/RhodaGrantLabour,rhodagrant.org.uk
Neil Gray,https://www.theyworkforyou.com/mp/25293/neil_gray,Scottish National Party,Airdrie and Shotts,https://www.parliament.scot/msps/current-and-previous-msps/neil-gray,Neil.Gray.msp@parliament.scot,"The Scottish Parliament, EH99 1SP, Edinburgh",1236439630,"Office 9, Airdrie Business Centre,, Chapel Lane, Airdrie, ML6 6GX",1236439630,@neilgraysnp,https://www.facebook.com/NeilGraySNP/,
Jamie Greene,https://www.theyworkforyou.com/mp/25508/jamie_greene,Scottish Conservative and Unionist Party,West Scotland,https://www.parliament.scot/msps/current-and-previous-msps/jamie-greene,Jamie.Greene.msp@parliament.scot,"The Scottish Parliament, EH99 1SP, Edinburgh",1313486137,,,,,
Ross Greer,https://www.theyworkforyou.com/mp/25509/ross_greer,Scottish Green Party,West Scotland,https://www.parliament.scot/msps/current-and-previous-msps/ross-greer,Ross.Greer.msp@parliament.scot,"The Scottish Parliament, EH99 1SP, Edinburgh",1313486347,,,,,
Mark Griffin,https://www.theyworkforyou.com/mp/25089/mark_griffin,Scottish Labour,Central Scotland,https://www.parliament.scot/msps/current-and-previous-msps/mark-griffin,Mark.Griffin.msp@parliament.scot,"The Scottish Parliament, EH99 1SP, Edinburgh",1313486397,,,,,
Dr. Sandesh Gulhane,https://www.theyworkforyou.com/mp/25999/sandesh_gulhane,Scottish Conservative and Unionist Party,Glasgow,https://www.parliament.scot/msps/current-and-previous-msps/dr-sandesh-gulhane,Sandesh.Gulhane.msp@parliament.scot,"The Scottish Parliament, EH99 1SP, Edinburgh",1313486162,"1018 Maryhill Road, Glasgow, G20 9TE",1419463335,@sandeshgulhane,,
Jamie Halcro Johnston,https://www.theyworkforyou.com/mp/25715/jamie_halcro_johnston,Scottish Conservative and Unionist Party,Highlands and Islands,https://www.parliament.scot/msps/current-and-previous-msps/jamie-halcro-johnston,Jamie.HalcroJohnston.msp@parliament.scot,"The Scottish Parliament, EH99 1SP, Edinburgh",1313486140,,,,,
Rachael Hamilton,https://www.theyworkforyou.com/mp/25510/rachael_hamilton,Scottish Conservative and Unionist Party,"Ettrick, Roxburgh and Berwickshire",https://www.parliament.scot/msps/current-and-previous-msps/rachael-hamilton,Rachael.Hamilton.msp@parliament.scot,"The Scottish Parliament, EH99 1SP, Edinburgh",1313486970,"7 Abbey Court, Kelso, TD5 7JA",1573224862,@Rachael2Win,https://www.facebook.com/Rachael2Win,rachaelhamilton.co.uk
Emma Harper,https://www.theyworkforyou.com/mp/25511/emma_harper,Scottish National Party,South Scotland,https://www.parliament.scot/msps/current-and-previous-msps/emma-harper,Emma.Harper.msp@parliament.scot,"The Scottish Parliament, EH99 1SP, Edinburgh",1313486965,"Lower and Ground Floor, Holywood Trust Building, Old Assembly Close, Irish Street, Dumfries, DG1 2PH",1387255334,,,
Patrick Harvie,https://www.theyworkforyou.com/mp/14006/patrick_harvie,Scottish Green Party,Glasgow,https://www.parliament.scot/msps/current-and-previous-msps/patrick-harvie,Patrick.Harvie.msp@parliament.scot,"The Scottish Parliament, EH99 1SP, Edinburgh",,"Glasgow Collective, 15 East Campbell Street, Glasgow, G1 5DT",,@patrickharvie,https://www.facebook.com/PatrickHarvieMSP,
Clare Haughey,https://www.theyworkforyou.com/mp/25513/clare_haughey,Scottish National Party,Rutherglen,https://www.parliament.scot/msps/current-and-previous-msps/clare-haughey,Clare.Haughey.msp@parliament.scot,"The Scottish Parliament, EH99 1SP, Edinburgh",,"85 Main Street, Rutherglen, Glasgow, G73 2JQ",1415615131,@haughey_clare,https://www.facebook.com/ClareHaugheySNP/,
Jamie Hepburn,https://www.theyworkforyou.com/mp/14009/jamie_hepburn,Scottish National Party,Cumbernauld and Kilsyth,https://www.parliament.scot/msps/current-and-previous-msps/jamie-hepburn,Jamie.Hepburn.msp@parliament.scot,"The Scottish Parliament, EH99 1SP, Edinburgh",1236453969,,,,,
Craig Hoy,https://www.theyworkforyou.com/mp/26000/craig_hoy,Scottish Conservative and Unionist Party,South Scotland,https://www.parliament.scot/msps/current-and-previous-msps/craig-hoy,Craig.Hoy.msp@parliament.scot,"The Scottish Parliament, EH99 1SP, Edinburgh",1313486976,"1 High Street, Haddington, EH41 3ES",1620849350,@CraigWHoy1/,https://www.facebook.com/CraigHoyConservative/,craighoy.co.uk
Fiona Hyslop,https://www.theyworkforyou.com/mp/14012/fiona_hyslop,Scottish National Party,Linlithgow,https://www.parliament.scot/msps/current-and-previous-msps/fiona-hyslop,Fiona.Hyslop.msp@parliament.scot,"The Scottish Parliament, EH99 1SP, Edinburgh",1313485921,,,,,
Daniel Johnson,https://www.theyworkforyou.com/mp/25514/daniel_johnson,Scottish Labour,Edinburgh Southern,https://www.parliament.scot/msps/current-and-previous-msps/daniel-johnson,Daniel.Johnson.msp@parliament.scot,"The Scottish Parliament, EH99 1SP, Edinburgh",,"134 Comiston Road, Edinburgh, EH10 5QN",1315412145,,,
Alison Johnstone,https://www.theyworkforyou.com/mp/25091/alison_johnstone,No Party Affiliation,Lothian,https://www.parliament.scot/msps/current-and-previous-msps/alison-johnstone,Alison.Johnstone.msp@parliament.scot,"The Scottish Parliament, EH99 1SP, Edinburgh",1313486362,"MG11, Scottish Parliament, Edinburgh, EH99 1SP",1313486362,,,
Liam Kerr,https://www.theyworkforyou.com/mp/25515/liam_kerr,Scottish Conservative and Unionist Party,North East Scotland,https://www.parliament.scot/msps/current-and-previous-msps/liam-kerr,Liam.Kerr.msp@parliament.scot,"The Scottish Parliament, EH99 1SP, Edinburgh",1313486973,"80 Rosemount Place, Aberdeen, AB25 2XN",,@LiamKerrMSP,https://www.facebook.com/liamkerrmsp/,
Stephen Kerr,https://www.theyworkforyou.com/mp/25696/stephen_kerr,Scottish Conservative and Unionist Party,Central Scotland,https://www.parliament.scot/msps/current-and-previous-msps/stephen-kerr,Stephen.Kerr.msp@parliament.scot,"The Scottish Parliament, EH99 1SP, Edinburgh",1313485647,"Room 35-36, Airdrie Business Centre, 1 Chapel Lane, Airdrie, ML6 6GX",1236439562,,,
Bill Kidd,https://www.theyworkforyou.com/mp/14024/bill_kidd,Scottish National Party,Glasgow Anniesland,https://www.parliament.scot/msps/current-and-previous-msps/bill-kidd,Bill.Kidd.msp@parliament.scot,"The Scottish Parliament, EH99 1SP, Edinburgh",1313486592,,,,,
Monica Lennon,https://www.theyworkforyou.com/mp/25516/monica_lennon,Scottish Labour,Central Scotland,https://www.parliament.scot/msps/current-and-previous-msps/monica-lennon,Monica.Lennon.msp@parliament.scot,"The Scottish Parliament, EH99 1SP, Edinburgh",1313486484,,,,,
Richard Leonard,https://www.theyworkforyou.com/mp/25517/richard_leonard,Scottish Labour,Central Scotland,https://www.parliament.scot/msps/current-and-previous-msps/richard-leonard,Richard.Leonard.msp@parliament.scot,"The Scottish Parliament, EH99 1SP, Edinburgh",1313486465,,,,,
Richard Lochhead,https://www.theyworkforyou.com/mp/14029/richard_lochhead,Scottish National Party,Moray,https://www.parliament.scot/msps/current-and-previous-msps/richard-lochhead,Richard.Lochhead.msp@parliament.scot,"The Scottish Parliament, EH99 1SP, Edinburgh",1343545077,"80 South Street, Elgin, Moray, IV30 1JG",1343545077,@richardlochhead,https://www.facebook.com/RichardLochheadMSP,
Douglas Lumsden,https://www.theyworkforyou.com/mp/26001/douglas_lumsden,Scottish Conservative and Unionist Party,North East Scotland,https://www.parliament.scot/msps/current-and-previous-msps/douglas-lumsden,Douglas.Lumsden.msp@parliament.scot,"The Scottish Parliament, EH99 1SP, Edinburgh",1313485967,"80 Rosemount Place, Aberdeen, AB25 2XN",,,,
Gordon MacDonald,https://www.theyworkforyou.com/mp/25095/gordon_macdonald,Scottish National Party,Edinburgh Pentlands,https://www.parliament.scot/msps/current-and-previous-msps/gordon-macdonald,Gordon.MacDonald.msp@parliament.scot,"The Scottish Parliament, EH99 1SP, Edinburgh",1313485741,"9 Kingsknowe Park, Edinburgh, EH14 2JQ",1314430595,,,
Fulton MacGregor,https://www.theyworkforyou.com/mp/25521/fulton_macgregor,Scottish National Party,Coatbridge and Chryston,https://www.parliament.scot/msps/current-and-previous-msps/fulton-macgregor,Fulton.MacGregor.msp@parliament.scot,"The Scottish Parliament, EH99 1SP, Edinburgh",1313485797,"Atrium Business Centre, North Caldeen Road, Coatbridge, ML5 4EF",1236897540,@fultonsnp,https://www.facebook.com/fultonmacgregorsnp/,fultonmacgregor.scot
Gillian Mackay,https://www.theyworkforyou.com/mp/26002/gillian_mackay,Scottish Green Party,Central Scotland,https://www.parliament.scot/msps/current-and-previous-msps/gillian-mackay,Gillian.Mackay.msp@parliament.scot,"The Scottish Parliament, EH99 1SP, Edinburgh",1313486341,,,,,
Rona Mackay,https://www.theyworkforyou.com/mp/25522/rona_mackay,Scottish National Party,Strathkelvin and Bearsden,https://www.parliament.scot/msps/current-and-previous-msps/rona-mackay,Rona.Mackay.msp@parliament.scot,"The Scottish Parliament, EH99 1SP, Edinburgh",1313485789,"Enterprise House, Southbank Business Park, Kirkintilloch, G66 1XQ",1417761561,@RonaMackaySNP,https://www.facebook.com/RonaMackaySNP,ronamackay.scot
Ben Macpherson,https://www.theyworkforyou.com/mp/25523/ben_macpherson,Scottish National Party,Edinburgh Northern and Leith,https://www.parliament.scot/msps/current-and-previous-msps/ben-macpherson,Ben.Macpherson.msp@parliament.scot,"The Scottish Parliament, EH99 1SP, Edinburgh",1316000134,"34 Constitution Street, Leith, Edinburgh, EH6 6RS",1316000134,@BenMacpherson,https://www.facebook.com/BenMacSNP,benmacpherson.scot/home
Ruth Maguire,https://www.theyworkforyou.com/mp/25524/ruth_maguire,Scottish National Party,Cunninghame South,https://www.parliament.scot/msps/current-and-previous-msps/ruth-maguire,Ruth.Maguire.msp@parliament.scot,"The Scottish Parliament, EH99 1SP, Edinburgh",,"Caledonian House, 100 High Street, Irvine, KA12 0AX",1294276730,@RBFMaguire,https://www.facebook.com/RuthSNP,
Michael Marra,https://www.theyworkforyou.com/mp/26003/michael_marra,Scottish Labour,North East Scotland,https://www.parliament.scot/msps/current-and-previous-msps/michael-marra,Michael.Marra.msp@parliament.scot,"The Scottish Parliament, EH99 1SP, Edinburgh",1313485943,,,@michaeljmarra,https://facebook.com/MichaelMarraMSP,michaelmarra.net
Gillian Martin,https://www.theyworkforyou.com/mp/25525/gillian_martin,Scottish National Party,Aberdeenshire East,https://www.parliament.scot/msps/current-and-previous-msps/gillian-martin,Gillian.Martin.msp@parliament.scot,"The Scottish Parliament, EH99 1SP, Edinburgh",1651871750,"Suite A, Unit 6, Colpy Business Park, Oldmeldrum, Aberdeenshire, AB51 0FU",1651871750,@gillianmsp,https://www.facebook.com/gillianmartinsnp/,gillianmartinmsp.com
John Mason,https://www.theyworkforyou.com/mp/25101/john_mason,Scottish National Party,Glasgow Shettleston,https://www.parliament.scot/msps/current-and-previous-msps/john-mason,John.Mason.msp@parliament.scot,"The Scottish Parliament, EH99 1SP, Edinburgh",1415504327,"Glasgow Shettleston Constituency Of, 1335 Gallowgate, Glasgow, G31 4DN",1415504327,@johnmasonmsp,https://www.facebook.com/jmasonscot,
Michael Matheson,https://www.theyworkforyou.com/mp/14043/michael_matheson,Scottish National Party,Falkirk West,https://www.parliament.scot/msps/current-and-previous-msps/michael-matheson,Michael.Matheson.msp@parliament.scot,"The Scottish Parliament, EH99 1SP, Edinburgh",1324629271,"15A East Bridge Street, Falkirk, FK1 1YB",1324629271,,,
Màiri McAllan,https://www.theyworkforyou.com/mp/26004/m%C3%A0iri_mcallan,Scottish National Party,Clydesdale,https://www.parliament.scot/msps/current-and-previous-msps/mairi-mcallan,Mairi.McAllan.msp@parliament.scot,"The Scottish Parliament, EH99 1SP, Edinburgh",1555664243,"12 St Vincent Place, Lanark, South Lanarkshire, ML11 7LA",1555664243,@MairiMcAllan,https://www.facebook.com/MairiMcAllanSNP,
Liam McArthur,https://www.theyworkforyou.com/mp/14046/liam_mcarthur,Scottish Liberal Democrats,Orkney Islands,https://www.parliament.scot/msps/current-and-previous-msps/liam-mcarthur,Liam.McArthur.msp@parliament.scot,"The Scottish Parliament, EH99 1SP, Edinburgh",1313485815,"14 Palace Road, Kirkwall, Orkney Islands, KW15 1PA",1856876541,@Liam4Orkney,https://www.facebook.com/Liam4Orkney,liammcarthur.org.uk
Roz McCall,https://www.theyworkforyou.com/mp/26091/roz_mccall,Scottish Conservative and Unionist Party,Mid Scotland and Fife,https://www.parliament.scot/msps/current-and-previous-msps/roz-mccall,Roz.McCall.msp@parliament.scot,"The Scottish Parliament, EH99 1SP, Edinburgh",,"31 Canmore Street, Dunfermline, Fife, KY12 7NU",,,,
Ivan McKee,https://www.theyworkforyou.com/mp/25527/ivan_mckee,Scottish National Party,Glasgow Provan,https://www.parliament.scot/msps/current-and-previous-msps/ivan-mckee,Ivan.McKee.msp@parliament.scot,"The Scottish Parliament, EH99 1SP, Edinburgh",1313486950,"12 Hillfoot Street, Dennistoun, Glasgow, G31 2LF",1415564441,@ivan_mckee,https://en-gb.facebook.com/IvanMcKeeMSP/,ivanmckee.scot
Christina McKelvie,https://www.theyworkforyou.com/mp/14056/christina_mckelvie,Scottish National Party,"Hamilton, Larkhall and Stonehouse",https://www.parliament.scot/msps/current-and-previous-msps/christina-mckelvie,Christina.McKelvie.msp@parliament.scot,"The Scottish Parliament, EH99 1SP, Edinburgh",1313486680,"Barncluith Business Centre, Townhead Street, Hamilton, ML3 7DP",1698403311,@ChristinaSNP,,
Paul McLennan,https://www.theyworkforyou.com/mp/26005/paul_mclennan,Scottish National Party,East Lothian,https://www.parliament.scot/msps/current-and-previous-msps/paul-mclennan,Paul.McLennan.msp@parliament.scot,"The Scottish Parliament, EH99 1SP, Edinburgh",1313485083,"5a Mitchell's Close, Haddington, EH41 3NB",1620849240,@paulmclennan7,https://www.facebook.com/paulmclennansnp,paulmclennan.scot
Stuart McMillan,https://www.theyworkforyou.com/mp/14060/stuart_mcmillan,Scottish National Party,Greenock and Inverclyde,https://www.parliament.scot/msps/current-and-previous-msps/stuart-mcmillan,Stuart.McMillan.msp@parliament.scot,"The Scottish Parliament, EH99 1SP, Edinburgh",1475720930,"26 Grey Place, Greenock, Inverclyde, PA15 1YF",1475720930,@StuMcMillanSNP,https://www.facebook.com/StuartMcMillanSNP,stuartmcmillan.scot
Marie McNair,https://www.theyworkforyou.com/mp/26006/marie_mcnair,Scottish National Party,Clydebank and Milngavie,https://www.parliament.scot/msps/current-and-previous-msps/marie-mcnair,Marie.McNair.msp@parliament.scot,"The Scottish Parliament, EH99 1SP, Edinburgh",1313485068,"Titan Enterprise Business Centre, 1 Aurora Avenue, Queens Quay, Clydebank, G81 1BF",1417378010,,,
Pauline McNeill,https://www.theyworkforyou.com/mp/14062/pauline_mcneill,Scottish Labour,Glasgow,https://www.parliament.scot/msps/current-and-previous-msps/pauline-mcneill,Pauline.McNeill.msp@parliament.scot,"The Scottish Parliament, EH99 1SP, Edinburgh",1313486475,,,,,
Jenni Minto,https://www.theyworkforyou.com/mp/26007/jenni_minto,Scottish National Party,Argyll and Bute,https://www.parliament.scot/msps/current-and-previous-msps/jenni-minto,Jenni.Minto.msp@parliament.scot,"The Scottish Parliament, EH99 1SP, Edinburgh",1313485106,,,,,
Carol Mochan,https://www.theyworkforyou.com/mp/26008/carol_mochan,Scottish Labour,South Scotland,https://www.parliament.scot/msps/current-and-previous-msps/carol-mochan,Carol.Mochan.msp@parliament.scot,"The Scottish Parliament, EH99 1SP, Edinburgh",1313486993,"Currently working from home, please, PO Box 8526, Prestwick, KA9 9BA",7554546938,@CMochan,https://www.facebook.com/carolmochanmsp,
Edward Mountain,https://www.theyworkforyou.com/mp/25529/edward_mountain,Scottish Conservative and Unionist Party,Highlands and Islands,https://www.parliament.scot/msps/current-and-previous-msps/edward-mountain,Edward.Mountain.msp@parliament.scot,"The Scottish Parliament, EH99 1SP, Edinburgh",1313486143,"Regional Office, 10 Drummond Street, Inverness, IV1 1QD",1463230777,@1edmountain,https://www.facebook.com/EdMountainMSP/,edwardmountainmsp.scot
Oliver Mundell,https://www.theyworkforyou.com/mp/25530/oliver_mundell,Scottish Conservative and Unionist Party,Dumfriesshire,https://www.parliament.scot/msps/current-and-previous-msps/oliver-mundell,Oliver.Mundell.msp@parliament.scot,"The Scottish Parliament, EH99 1SP, Edinburgh",1313485631,"Monro House, Duncan Drive, Moffat, DG10 9JW",1683222770,@olivermundell,,
Audrey Nicoll,https://www.theyworkforyou.com/mp/26009/audrey_nicoll,Scottish National Party,Aberdeen South and North Kincardine,https://www.parliament.scot/msps/current-and-previous-msps/audrey-nicoll,Audrey.Nicoll.msp@parliament.scot,"The Scottish Parliament, EH99 1SP, Edinburgh",1313485490,"51 Victoria Road, Aberdeen, AB11 9LS",1224876743,,,
Paul O'Kane,https://www.theyworkforyou.com/mp/26010/paul_o%27kane,Scottish Labour,West Scotland,https://www.parliament.scot/msps/current-and-previous-msps/paul-okane,Paul.O'Kane.msp@parliament.scot,"The Scottish Parliament, EH99 1SP, Edinburgh",1313485942,,1418875111,,,
Ash Regan,,Alba Party,Edinburgh Eastern,https://www.parliament.scot/msps/current-and-previous-msps/ash-regan,Ash.Regan.msp@parliament.scot,"The Scottish Parliament, EH99 1SP, Edinburgh",1316594707,"18 Niddrie Mains Road, Edinburgh, EH16 4PA",1316614888,@AshReganALBA,https://www.facebook.com/AshReganALBA,
Willie Rennie,https://www.theyworkforyou.com/mp/25111/willie_rennie,Scottish Liberal Democrats,North East Fife,https://www.parliament.scot/msps/current-and-previous-msps/willie-rennie,Willie.Rennie.msp@parliament.scot,"The Scottish Parliament, EH99 1SP, Edinburgh",1313485804,"Unit G1, Granary Business Centre, Coal Road, Cupar, KY15 5YQ",1334656361,@willie_rennie,https://www.facebook.com/WillieRennieFife,
Angus Robertson,https://www.theyworkforyou.com/mp/11189/angus_robertson,Scottish National Party,Edinburgh Central,https://www.parliament.scot/msps/current-and-previous-msps/angus-robertson,Angus.Robertson.msp@parliament.scot,"The Scottish Parliament, EH99 1SP, Edinburgh",1313485125,"7-9 Blackfriars Street, Edinburgh, EH1 1NB",1316051947,@AngusRobertson,https://www.facebook.com/AngusSCRobertson,angusrobertson.scot
Shona Robison,https://www.theyworkforyou.com/mp/14085/shona_robison,Scottish National Party,Dundee City East,https://www.parliament.scot/msps/current-and-previous-msps/shona-robison,dundee@shona.robison.scot,"The Scottish Parliament, EH99 1SP, Edinburgh",1382903219,"The Fun Factory, 15 Balunie Drive, Dundee, DD4 8PS",1382903219,@ShonaRobisonMSP,https://www.facebook.com/ShonaRobisonSNP/,shona.robison.scot
Emma Roddick,https://www.theyworkforyou.com/mp/26011/emma_roddick,Scottish National Party,Highlands and Islands,https://www.parliament.scot/msps/current-and-previous-msps/emma-roddick,Emma.Roddick.msp@parliament.scot,"The Scottish Parliament, EH99 1SP, Edinburgh",1313486328,,,@Emma_Roddick,https://www.facebook.com/EmmaRoddickSNP,emmaroddick.scot
Douglas Ross,https://www.theyworkforyou.com/mp/25531/douglas_ross,Scottish Conservative and Unionist Party,Highlands and Islands,https://www.parliament.scot/msps/current-and-previous-msps/douglas-ross,Douglas.Ross.msp@parliament.scot,"The Scottish Parliament, EH99 1SP, Edinburgh",1313486161,"10 Drummond Street, Inverness, IV1 1QD",1463230777,@douglas4moray,https://www.facebook.com/DouglasRoss4Moray/,
Alex Rowley,https://www.theyworkforyou.com/mp/25218/alex_rowley,Scottish Labour,Mid Scotland and Fife,https://www.parliament.scot/msps/current-and-previous-msps/alex-rowley,Alex.Rowley.msp@parliament.scot,"The Scottish Parliament, EH99 1SP, Edinburgh",1313486826,"Ore Valley Business Centre, 93 Main Street, Lochgelly, KY5 9AF",1592786725,@AlexRowleyFife,https://www.facebook.com/AlexRowleyLabour,alexrowley.org
Mark Ruskell,https://www.theyworkforyou.com/mp/14088/mr_mark_ruskell,Scottish Green Party,Mid Scotland and Fife,https://www.parliament.scot/msps/current-and-previous-msps/mark-ruskell,Mark.Ruskell.msp@parliament.scot,"The Scottish Parliament, EH99 1SP, Edinburgh",1313486468,"Unit 23, Stirling Business Centre, Wellgreen, Stirling, FK8 2DZ",1786448203,,,
Anas Sarwar,https://www.theyworkforyou.com/mp/24738/anas_sarwar,Scottish Labour,Glasgow,https://www.parliament.scot/msps/current-and-previous-msps/anas-sarwar,Anas.Sarwar.msp@parliament.scot,"The Scottish Parliament, EH99 1SP, Edinburgh",1313485830,,,@AnasSarwar,https://www.facebook.com/anas.sarwar,
Graham Simpson,https://www.theyworkforyou.com/mp/25535/graham_simpson,Scottish Conservative and Unionist Party,Central Scotland,https://www.parliament.scot/msps/current-and-previous-msps/graham-simpson,Graham.Simpson.msp@parliament.scot,"The Scottish Parliament, EH99 1SP, Edinburgh",1313486983,"Room 35-36, Airdrie Business Centre, 1 Chapel Lane, Airdrie, ML6 6GX",,@grahamsmsp,https://www.facebook.com/grahamsmsp/,
Lorna Slater,https://www.theyworkforyou.com/mp/26012/lorna_slater,Scottish Green Party,Lothian,https://www.parliament.scot/msps/current-and-previous-msps/lorna-slater,Lorna.Slater.msp@parliament.scot,"The Scottish Parliament, EH99 1SP, Edinburgh",1313486997,,,,,
Liz Smith,https://www.theyworkforyou.com/mp/14096/elizabeth_smith,Scottish Conservative and Unionist Party,Mid Scotland and Fife,https://www.parliament.scot/msps/current-and-previous-msps/liz-smith,Elizabeth.Smith.msp@parliament.scot,"The Scottish Parliament, EH99 1SP, Edinburgh",1313486762,"The Control Tower, Perth Airport, Scone, Perth, PH2 6PL",1738553990,@mspliz,https://www.facebook.com/LizSmithMSP,
Colin Smyth,https://www.theyworkforyou.com/mp/25536/colin_smyth,Scottish Labour,South Scotland,https://www.parliament.scot/msps/current-and-previous-msps/colin-smyth,Colin.Smyth.msp@parliament.scot,"The Scottish Parliament, EH99 1SP, Edinburgh",1313486986,"17 Buccleuch Street, Dumfries, DG1 2AT",1387279205,@colinsmythmsp,https://www.facebook.com/colinsmythmsp,colinsmythmsp.com
Shirley-Anne Somerville,https://www.theyworkforyou.com/mp/14100/shirley-anne_somerville,Scottish National Party,Dunfermline,https://www.parliament.scot/msps/current-and-previous-msps/shirleyanne-somerville,Shirley-Anne.Somerville.msp@parliament.scot,"The Scottish Parliament, EH99 1SP, Edinburgh",,"Unit 2, 15 Pitreavie Court, Dunfermline, Fife, KY11 8UU",1383871986,,,
Collette Stevenson,https://www.theyworkforyou.com/mp/26013/collette_stevenson,Scottish National Party,East Kilbride,https://www.parliament.scot/msps/current-and-previous-msps/collette-stevenson,Collette.Stevenson.msp@parliament.scot,"The Scottish Parliament, EH99 1SP, Edinburgh",1313485502,"1/3 Strathmore House, East Kilbride, Glasgow, G74 1LF",1355232800,,https://www.facebook.com/CStevensonMSP/,collettestevenson.scot
Alexander Stewart,https://www.theyworkforyou.com/mp/25538/alexander_stewart,Scottish Conservative and Unionist Party,Mid Scotland and Fife,https://www.parliament.scot/msps/current-and-previous-msps/alexander-stewart,Alexander.Stewart.msp@parliament.scot,"The Scottish Parliament, EH99 1SP, Edinburgh",1313486134,"31 Canmore Street, Dunfermline, Fife, KY12 7NU",1383720530,,https://www.facebook.com/alexanderstewartmsp/,
Kaukab Stewart,https://www.theyworkforyou.com/mp/26014/kaukab_stewart,Scottish National Party,Glasgow Kelvin,https://www.parliament.scot/msps/current-and-previous-msps/kaukab-stewart,Kaukab.Stewart.msp@parliament.scot,"The Scottish Parliament, EH99 1SP, Edinburgh",1313485503,,,@kaukabstewart,https://www.facebook.com/Kaukab4Kelvin,kaukabstewart.scot
Kevin Stewart,https://www.theyworkforyou.com/mp/25114/kevin_stewart,Scottish National Party,Aberdeen Central,https://www.parliament.scot/msps/current-and-previous-msps/kevin-stewart,Kevin.Stewart.msp@parliament.scot,"The Scottish Parliament, EH99 1SP, Edinburgh",1224624719,"1 Pitstruan Place, Aberdeen, AB10 6PQ",1224624719,@kevinstewartsnp,https://www.facebook.com/KevinStewartSNP,
Nicola Sturgeon,https://www.theyworkforyou.com/mp/14105/nicola_sturgeon,Scottish National Party,Glasgow Southside,https://www.parliament.scot/msps/current-and-previous-msps/nicola-sturgeon,Nicola.Sturgeon.msp@parliament.scot,"The Scottish Parliament, EH99 1SP, Edinburgh",1414241174,"Unit 3, Govanhill Workspace, 69 Dixon Road, Glasgow, G42 8AT",1414241174,,,
Paul Sweeney,https://www.theyworkforyou.com/mp/25639/paul_sweeney,Scottish Labour,Glasgow,https://www.parliament.scot/msps/current-and-previous-msps/paul-sweeney,Paul.Sweeney.msp@parliament.scot,"The Scottish Parliament, EH99 1SP, Edinburgh",1313486388,"Brunswick House, 51 Wilson Street, Glasgow, G1 1UZ",,,,
John Swinney,https://www.theyworkforyou.com/mp/10581/john_swinney,Scottish National Party,Perthshire North,https://www.parliament.scot/msps/current-and-previous-msps/john-swinney,John.Swinney.msp@parliament.scot,"The Scottish Parliament, EH99 1SP, Edinburgh",1313485717,"17-19 Leslie Street, Blairgowrie, PH10 6AH",1250876576,@johnswinney,https://www.facebook.com/JohnSwinneyMSP,johnswinney.scot
Michelle Thomson,https://www.theyworkforyou.com/mp/25352/michelle_thomson,Scottish National Party,Falkirk East,https://www.parliament.scot/msps/current-and-previous-msps/michelle-thomson,Michelle.Thomson.msp@parliament.scot,"The Scottish Parliament, EH99 1SP, Edinburgh",1313485082,,,@MichelleThomson,https://www.facebook.com/MichelleThomsonSNP/,michellethomson.scot
Maree Todd,https://www.theyworkforyou.com/mp/25540/maree_todd,Scottish National Party,"Caithness, Sutherland and Ross",https://www.parliament.scot/msps/current-and-previous-msps/maree-todd,Maree.Todd.msp@parliament.scot,"The Scottish Parliament, EH99 1SP, Edinburgh",1313486944,"31 High Street, Alness, Ross-Shire, IV17 0PT",1349888281,@MareeToddMSP,https://www.facebook.com/MareeToddMSP,
David Torrance,https://www.theyworkforyou.com/mp/25115/david_torrance,Scottish National Party,Kirkcaldy,https://www.parliament.scot/msps/current-and-previous-msps/david-torrance,David.Torrance.msp@parliament.scot,"The Scottish Parliament, EH99 1SP, Edinburgh",1313486892,"53 Kirk Wynd, Kirkcaldy, KY1 1EH",1592200349,@davidhtorrance,https://www.facebook.com/DavidHTorrance/,
Evelyn Tweed,https://www.theyworkforyou.com/mp/26015/evelyn_tweed,Scottish National Party,Stirling,https://www.parliament.scot/msps/current-and-previous-msps/evelyn-tweed,Evelyn.Tweed.msp@parliament.scot,"The Scottish Parliament, EH99 1SP, Edinburgh",1313485088,"Stirling Business Centre, Wellgreen Place, Stirling, FK8 2DZ",1786235255,@EvelynTweedSNP,https://www.facebook.com/EvelynTweedSNP,evelyntweed.scot
Mercedes Villalba,https://www.theyworkforyou.com/mp/26016/mercedes_villalba,Scottish Labour,North East Scotland,https://www.parliament.scot/msps/current-and-previous-msps/mercedes-villalba,Mercedes.Villalba.msp@parliament.scot,"The Scottish Parliament, EH99 1SP, Edinburgh",1313486390,,,,,
Sue Webber,https://www.theyworkforyou.com/mp/26017/sue_webber,Scottish Conservative and Unionist Party,Lothian,https://www.parliament.scot/msps/current-and-previous-msps/sue-webber,Sue.Webber.msp@parliament.scot,"The Scottish Parliament, EH99 1SP, Edinburgh",1313485948,,,@suejwebber,https://www.facebook.com/SueWebberMSPLothian,suewebber.uk
Annie Wells,https://www.theyworkforyou.com/mp/25542/annie_wells,Scottish Conservative and Unionist Party,Glasgow,https://www.parliament.scot/msps/current-and-previous-msps/annie-wells,Annie.Wells.msp@parliament.scot,"The Scottish Parliament, EH99 1SP, Edinburgh",1313485991,"1018 Maryhill Road, Glasgow, G20 9TE",,@anniewellsmsp,https://www.facebook.com/AnnieWellsMSP,anniewells.org.uk/contact
Tess White,https://www.theyworkforyou.com/mp/26018/tess_white,Scottish Conservative and Unionist Party,North East Scotland,https://www.parliament.scot/msps/current-and-previous-msps/tess-white,Tess.White.msp@parliament.scot,"The Scottish Parliament, EH99 1SP, Edinburgh",1313486218,"80 Rosemount Place, Aberdeen, AB25 2XN",1224640152,@TessWhite4NE,https://www.facebook.com/TessWhiteMSP,
Martin Whitfield,https://www.theyworkforyou.com/mp/25651/martin_whitfield,Scottish Labour,South Scotland,https://www.parliament.scot/msps/current-and-previous-msps/martin-whitfield,Martin.Whitfield.msp@parliament.scot,"The Scottish Parliament, EH99 1SP, Edinburgh",1313485827,,,@_MWhitfield,https://www.facebook.com/martinwhitfieldeastlothian,martinwhitfieldmsp.com
Elena Whitham,https://www.theyworkforyou.com/mp/26019/elena_whitham,Scottish National Party,"Carrick, Cumnock and Doon Valley",https://www.parliament.scot/msps/current-and-previous-msps/elena-whitham,Elena.Whitham.msp@parliament.scot,"The Scottish Parliament, EH99 1SP, Edinburgh",1313485494,"46-48 Glaisnock Street, Cumnock, East Ayrshire, KA18 1BY",1290319126,@ElenaWhitham,https://www.facebook.com/ElenaWhithamMSP,elenawhitham.scot
Brian Whittle,https://www.theyworkforyou.com/mp/25543/brian_whittle,Scottish Conservative and Unionist Party,South Scotland,https://www.parliament.scot/msps/current-and-previous-msps/brian-whittle,Brian.Whittle.msp@parliament.scot,"The Scottish Parliament, EH99 1SP, Edinburgh",1313485623,,,@BrianWhittle,https://www.facebook.com/BrianWhittleMSP,brianwhittle.org.uk
Beatrice Wishart,https://www.theyworkforyou.com/mp/25775/beatrice_wishart,Scottish Liberal Democrats,Shetland Islands,https://www.parliament.scot/msps/current-and-previous-msps/beatrice-wishart,Beatrice.Wishart.msp@parliament.scot,"The Scottish Parliament, EH99 1SP, Edinburgh",1313486296,,,@beatricewishart,http://www.facebook.com/BeatriceWishartMSP/,
Humza Yousaf,https://www.theyworkforyou.com/mp/25119/humza_yousaf,Scottish National Party,Glasgow Pollok,https://www.parliament.scot/msps/current-and-previous-msps/humza-yousaf,Humza.Yousaf.msp@parliament.scot,"The Scottish Parliament, EH99 1SP, Edinburgh",,"Suite 14, Fairfield Heritage Centre, 1048 Govan Road, Glasgow, G51 4XS",1418824647,,,
